id,first name,gender,employment,savings,credit
3326,Helen-elizabeth Yitzhakov,Male,Internal Auditor,17118.98,1058.92
3327,Chicky Lillywhite,Female,Social Worker,9642.24,4771.27
3328,Pansie Bramont,Female,Clinical Specialist,11481.72,12199.88
3329,Candra McGiven,Male,Media Manager IV,6015.33,8353.39
3330,Carol Bartul,Female,Civil Engineer,8261.59,6047.53
3331,Anna-diane Jotham,Male,Geologist III,9884.47,14447.96
3332,Lowell Dodd,Female,Information Systems Manager,17306.47,13226.74
3333,Innis Scamerdine,Male,Unemployed,1796.85,8135.09
3334,Sibeal Farnin,Female,Unemployed,4762.02,13050.41
3335,Silvia Nutkins,Male,Editor,6322.79,9529.85
3336,Baily Umbert,Male,Unemployed,3505.76,1581.92
3337,Celia Kochs,Male,Research Assistant II,2721.9,9959.86
3338,Caryl Yerbury,Female,Administrative Officer,18179.9,8264.73
3339,Mollie Simoncini,Female,Unemployed,6915.48,14874.54
3340,Henka Morforth,Female,Unemployed,6472.07,11162.43
3341,Rod Cracker,Female,Web Designer III,638.64,14811.12
3342,Muriel Gulvin,Female,Legal Assistant,16994.47,8032.81
3343,Fredelia Stickney,Female,Unemployed,11123.95,7334.4
3344,Felecia Gibbings,Female,Help Desk Technician,12355.92,9859.23
3345,Maryrose Slad,Male,Systems Administrator II,13783.21,5305.52
3346,Ondrea Llewelly,Female,Data Coordiator,14266.75,13928.68
3347,Alyson Edinboro,Male,Unemployed,6761.59,1077.46
3348,David Dominik,Female,Software Engineer III,11087.63,10160.41
3349,Wilfred Eddins,Male,Software Consultant,8795.58,14736.64
3350,Joaquin Ludman,Male,Unemployed,15311.58,3235.12
3351,Cyrus Losbie,Female,Unemployed,6778.47,4836.69
3352,Arleen Crimpe,Male,Nurse,14250.78,6142.72
3353,Morgana Farron,Female,Civil Engineer,13546.79,13143.95
3354,Laetitia Hickisson,Female,Unemployed,12079.4,709.51
3355,Herbie Goade,Female,Unemployed,1532.62,320.43
3356,Ana Scade,Female,Unemployed,1867.24,2909.7
3357,Hunter Drife,Male,Speech Pathologist,19546.71,9920.26
3358,Gwyneth Beartup,Female,Unemployed,15572.07,13768.03
3359,Raynor Narup,Male,Civil Engineer,18571.98,13489.06
3360,Pippa Treen,Male,Account Executive,18812.17,2266.34
3361,Yetta Bedbrough,Male,Structural Engineer,9636.9,4407.2
3362,Natty Burgan,Male,Paralegal,19603.21,13891.39
3363,Neils Seamans,Male,VP Product Management,1467.01,12657.57
3364,Irena Uzzell,Female,Unemployed,16178.9,11663.49
3365,Cleo Fitzsimons,Female,Human Resources Assistant I,13527.69,12153.02
3366,Towney Riglesford,Female,VP Quality Control,7419.63,13867.77
3367,Wolf Boyson,Male,Unemployed,15388.0,550.36
3368,Danyelle Puddicombe,Female,Unemployed,18545.4,1613.04
3369,Chrysler Slaymaker,Male,Unemployed,17163.73,7251.19
3370,Juline Scarlon,Male,Quality Control Specialist,3387.85,11266.88
3371,Olive D'orsay,Male,Financial Analyst,17415.59,6673.73
3372,Cris Rosenblatt,Male,Professor,13166.08,5733.88
3373,Heidie Melan,Male,Unemployed,1029.22,6103.25
3374,Midge Cano,Female,Assistant Professor,6587.01,14136.54
3375,Tully Zambon,Male,Dental Hygienist,8835.28,9616.97
3376,Konrad Isselee,Female,Dental Hygienist,18193.74,7336.85
3377,Yves Knivett,Male,Unemployed,17750.0,2555.66
3378,Benita Ammer,Male,Unemployed,14790.73,3517.35
3379,Konstanze Attewell,Female,Sales Associate,3245.65,9417.27
3380,Sher Sahlstrom,Female,Office Assistant III,7412.31,495.36
3381,Kendricks Dumbrall,Female,Information Systems Manager,5575.45,10094.14
3382,Paxon Haugeh,Female,VP Product Management,1968.02,5186.67
3383,Domeniga Wray,Female,Web Designer III,10667.1,6202.07
3384,Stern Peeter,Male,Media Manager III,6306.92,10880.93
3385,Flem Whiteway,Female,Unemployed,3838.87,8910.59
3386,Flore Guilaem,Male,Unemployed,13122.93,753.58
3387,Sonnnie Everiss,Female,Unemployed,3826.2,7778.83
3388,Winonah Epinoy,Female,Senior Editor,4565.86,4558.87
3389,Esme Mulvenna,Female,Editor,15838.0,369.83
3390,Brice Leisk,Female,Unemployed,12323.19,3749.4
3391,Bendite Arp,Female,Electrical Engineer,5135.09,14901.35
3392,Peter Sanders,Male,Geologist II,5869.78,1866.31
3393,Jocelin Searston,Female,Associate Professor,17746.0,6077.36
3394,Pattie Colquitt,Male,Web Developer II,13606.42,5240.84
3395,Allie Otson,Male,Unemployed,10961.55,10605.43
3396,Travis Eadmead,Male,Unemployed,7836.5,8836.01
3397,Phil Eddoes,Female,Unemployed,14500.56,1323.54
3398,Korey Fussell,Male,Accounting Assistant I,15746.84,9141.42
3399,Randene Attenbarrow,Male,Teacher,17907.96,11704.36
3400,Paulette Carnelley,Female,Operator,3969.01,6223.9
3401,Barbabra Bavester,Female,Speech Pathologist,18806.07,6101.23
3402,Pavla Castagnasso,Male,Unemployed,19386.98,8782.4
3403,Delila Solon,Male,Senior Financial Analyst,2323.57,14094.24
3404,Lissi Wigmore,Female,Unemployed,3000.79,4244.21
3405,Sauncho Rodd,Female,Internal Auditor,4766.36,938.51
3406,Marielle Biasi,Female,Executive Secretary,14180.94,302.06
3407,Stacee Peer,Male,Help Desk Technician,13357.37,6431.57
3408,Vince Ive,Female,Teacher,4722.18,12736.44
3409,Samson Casa,Female,Mechanical Systems Engineer,2265.65,585.34
3410,Bendick Fairn,Female,Software Consultant,4923.74,4975.22
3411,Talyah Mcettrick,Male,Assistant Manager,10299.68,6619.82
3412,Ryon Risson,Male,Technical Writer,19685.15,12081.47
3413,Terrel Dienes,Male,Human Resources Assistant II,16044.61,14818.2
3414,Gianni Delouch,Male,Systems Administrator IV,5879.47,8173.38
3415,Madelyn Loker,Male,Software Test Engineer II,19413.13,4458.84
3416,Klarrisa Aslett,Female,Senior Quality Engineer,11748.79,4425.31
3417,Lissa Keats,Female,Biostatistician IV,12424.9,10648.13
3418,Maje Jerson,Male,Software Consultant,19525.64,5544.28
3419,Chucho Gallemore,Female,Assistant Media Planner,6022.9,7997.06
3420,Haskell Ortzen,Female,Software Consultant,15646.13,13688.37
3421,Wylie Bisseker,Male,Web Developer IV,17486.92,1905.19
3422,Elmo Pellatt,Male,Senior Quality Engineer,12464.28,831.17
3423,Cassy Theaker,Male,Sales Representative,3150.55,12898.87
3424,Perri Taborre,Male,Unemployed,13129.23,6487.4
3425,Natassia Bazeley,Female,Business Systems Development Analyst,17041.14,532.23
3426,Sandor Kissock,Male,VP Marketing,1609.52,8149.17
3427,Sondra Irving,Male,Payment Adjustment Coordinator,16733.82,4374.91
3428,Chaddy Magwood,Male,Occupational Therapist,19905.47,9837.42
3429,Lolita Dunks,Male,Editor,12572.97,1322.31
3430,Rowe Bainton,Female,Unemployed,6062.61,6559.89
3431,Suzi Crossfield,Female,Occupational Therapist,438.6,7313.79
3432,Adriane Stockings,Male,Tax Accountant,200.31,8601.77
3433,Tedd Deboy,Female,Unemployed,14858.89,5329.51
3434,Garreth Benza,Female,Automation Specialist II,13911.8,4283.25
3435,Washington Farbrother,Male,Developer III,16862.75,11124.22
3436,Papageno Longlands,Male,Unemployed,2443.93,3277.23
3437,Traver Formoy,Male,Graphic Designer,12872.91,2188.59
3438,Dalia Di Gregorio,Male,Sales Representative,6474.49,11938.6
3439,Thornton Molson,Male,Unemployed,15606.93,9959.0
3440,Diane Kemer,Male,Unemployed,2225.92,12107.03
3441,Ingeberg Stammer,Male,Software Consultant,6945.72,10148.23
3442,Aviva Lagadu,Female,Safety Technician II,10396.57,9574.2
3443,Moselle Bertomieu,Female,Desktop Support Technician,19808.75,2892.68
3444,Amalee Line,Male,Research Associate,1204.68,4644.66
3445,Glad Gordon,Male,Quality Control Specialist,7782.12,10550.6
3446,Rafa Riste,Female,Software Test Engineer I,16290.75,6786.79
3447,Putnam Barbery,Female,Staff Scientist,5305.91,1138.45
3448,Jarrad McKelvey,Male,Human Resources Assistant III,19518.62,2577.49
3449,Leodora Dole,Male,Unemployed,11237.98,11868.84
3450,Pearle Berzons,Female,Mechanical Systems Engineer,8797.96,1826.34
3451,Guinevere Steuhlmeyer,Male,Environmental Specialist,16466.65,11980.52
3452,Shirlee Littleproud,Male,Legal Assistant,7935.65,7110.7
3453,Marta Goreway,Male,Help Desk Technician,4139.05,5218.89
3454,Nola Dooher,Male,Civil Engineer,7137.41,6981.33
3455,Doe Bruggen,Male,Dental Hygienist,2783.82,2196.2
3456,Malory Stainbridge,Female,Unemployed,1869.26,8207.23
3457,Samson Shaefer,Male,Compensation Analyst,15623.79,2409.47
3458,Marmaduke Sergean,Female,Payment Adjustment Coordinator,6906.69,11123.17
3459,Joanna Le Conte,Female,Accountant III,5869.49,835.28
3460,Cherilynn Wethered,Male,Unemployed,3087.88,755.79
3461,Tammie Tonkin,Male,Editor,1930.11,14306.85
3462,Annalise MacCourt,Male,Technical Writer,4477.41,14818.4
3463,Jyoti Garnam,Female,Geological Engineer,17006.47,12335.81
3464,Marney Woodroffe,Male,Unemployed,9310.84,10567.87
3465,Silvan Mugleston,Male,Associate Professor,1729.02,11344.12
3466,Druci Burke,Male,Unemployed,2647.1,5165.92
3467,Almeta Yakubowicz,Female,Business Systems Development Analyst,17402.92,8665.14
3468,Jennette Crichton,Male,Geologist III,2468.56,11210.55
3469,Jennifer Windram,Male,Office Assistant III,13564.02,4307.86
3470,Karalee Gurner,Female,Administrative Officer,4926.55,13901.82
3471,Blaire Budnik,Male,Environmental Specialist,18286.97,14967.17
3472,Shauna Draycott,Female,Safety Technician II,5082.67,6492.64
3473,Gerik Stocky,Male,Administrative Officer,14113.08,2116.33
3474,Ebenezer Wantling,Female,Librarian,13105.07,14768.77
3475,Morgen Banner,Female,Unemployed,19864.98,9101.03
3476,Sonny Lindegard,Female,VP Product Management,7220.16,13705.64
3477,Lotti Yeell,Male,Unemployed,13608.75,5106.16
3478,Sula Sexcey,Female,Human Resources Assistant III,15911.54,3391.77
3479,Sanford Christofol,Male,Senior Cost Accountant,6906.41,6475.18
3480,Elfreda Gall,Male,Operator,11596.88,1639.88
3481,Kipp Rault,Male,Unemployed,11011.32,12540.82
3482,Malynda Fishburn,Male,Help Desk Technician,9649.02,5236.64
3483,Artemas Clearley,Male,Sales Representative,120.63,14323.61
3484,Farr Womack,Male,Financial Analyst,11280.24,7052.66
3485,Drusie Ranvoise,Male,Recruiter,17971.37,7262.58
3486,Claus Northfield,Male,Editor,4135.46,14323.18
3487,Norton Bunker,Female,Assistant Professor,19587.86,6910.92
3488,Leta Melia,Female,Geological Engineer,3240.81,6704.38
3489,Torrin Minguet,Female,Human Resources Assistant III,16084.2,10414.94
3490,Goddart McClaren,Female,Financial Advisor,7916.03,629.4
3491,Ollie McKernon,Female,Human Resources Manager,19735.8,13592.84
3492,Wandie Ivanishin,Female,Professor,16711.53,8532.0
3493,Baxy Murrum,Female,Accounting Assistant II,9420.0,5020.29
3494,Jessika Waddam,Female,Recruiter,17228.51,13643.22
3495,Ginnie Imore,Male,Graphic Designer,9257.35,2456.83
3496,Joey McGirr,Female,Nurse Practicioner,2202.14,14734.95
3497,Hinze Bontein,Female,Assistant Media Planner,4435.67,4932.88
3498,Lemar Winsiowiecki,Female,Nurse Practicioner,16640.45,4290.72
3499,Roslyn Kersting,Female,Help Desk Operator,9705.37,11086.82
3500,Eunice Lovelady,Male,Civil Engineer,13132.92,7392.39
3501,Lucien Colville,Male,Unemployed,10196.8,14474.92
3502,Carmelina Kingswood,Male,Graphic Designer,4174.67,8560.29
3503,Clementius Lambertson,Female,Quality Engineer,6086.26,12781.72
3504,Neils Dmitrichenko,Female,Account Representative I,19872.03,10679.57
3505,Christiana Brockton,Male,Marketing Manager,13870.72,10651.21
3506,Wyndham Londer,Female,Account Representative IV,10946.51,2982.67
3507,Gerri Hollebon,Male,Marketing Manager,6769.26,7542.59
3508,Roscoe Puzey,Female,Director of Sales,1843.25,2426.26
3509,Hubey Manifield,Male,Environmental Tech,8651.99,11896.47
3510,Kennan Kinneally,Male,Human Resources Manager,4231.51,9183.37
3511,Chloe Warbrick,Female,VP Product Management,9861.38,14159.05
3512,Mycah Shardlow,Male,Sales Representative,12945.48,8476.79
3513,Jethro Pervoe,Female,Product Engineer,10798.61,4215.86
3514,Cello Silverlock,Female,Technical Writer,16151.34,2289.63
3515,Elmore Runnett,Male,Systems Administrator IV,3699.45,2987.34
3516,Nanine Flowith,Female,Social Worker,2290.15,8814.6
3517,Angela Barchrameev,Male,Legal Assistant,10084.26,8801.08
3518,Monte Tring,Male,Unemployed,7306.45,13780.73
3519,Vivi Elion,Female,Unemployed,11480.05,6366.85
3520,Jillie Gorch,Male,Compensation Analyst,5511.39,6790.02
3521,Renelle Braddock,Male,Environmental Tech,9114.98,12981.98
3522,Marline Gilardoni,Female,Administrative Assistant I,11300.32,7210.89
3523,Drusy Godman,Male,Developer IV,15474.36,8937.06
3524,Hank Trickey,Female,Research Assistant III,14434.75,4962.16
3525,Marilyn Strevens,Male,Accountant II,18644.96,649.59
3526,Culley MacGowing,Male,Unemployed,19618.5,5981.75
3527,Maxi Chalmers,Female,Unemployed,19879.38,975.37
3528,Pail Jentle,Male,Unemployed,6483.29,4370.18
3529,Foss Clemenzi,Male,Marketing Assistant,9200.85,9040.78
3530,Datha Coopper,Male,Unemployed,15382.76,11441.52
3531,Noami Pople,Female,Unemployed,11787.61,13578.51
3532,Laurena Mews,Female,Human Resources Assistant I,8172.0,1874.26
3533,Kay Malan,Female,VP Quality Control,16269.59,14996.6
3534,Horton Ambrose,Male,Tax Accountant,12949.17,2824.66
3535,Yard Fortune,Female,Administrative Assistant II,15925.37,6955.06
3536,Dulcy Jouanot,Female,Structural Analysis Engineer,16566.29,6171.39
3537,Vida Normanvill,Male,Unemployed,8180.13,3056.38
3538,Ellwood Clementucci,Male,Structural Analysis Engineer,11045.82,5525.6
3539,Eve Hallaways,Male,Senior Financial Analyst,5401.98,11984.87
3540,Violet Dallaghan,Male,Associate Professor,8888.31,3556.24
3541,Chery Georgiev,Female,Unemployed,9978.76,3204.13
3542,Toma Musso,Female,GIS Technical Architect,18852.11,12827.53
3543,Bertie Gregoli,Female,Analyst Programmer,6501.14,10571.33
3544,Marika Meco,Male,VP Quality Control,15967.74,13531.65
3545,Mariana Keeley,Male,Unemployed,1363.65,2092.18
3546,Allard Crotch,Female,Legal Assistant,18240.91,8431.72
3547,Lurette Walentynowicz,Female,Help Desk Operator,19997.81,13616.34
3548,Kaitlynn Ox,Female,Unemployed,1574.95,2406.63
3549,Olin Dishman,Male,Unemployed,5001.79,11318.13
3550,Rasla Giblin,Male,Health Coach II,10797.03,4758.85
3551,Sigvard Christie,Male,Information Systems Manager,6894.82,11855.28
3552,Derward Sparshott,Female,Structural Analysis Engineer,8036.89,12019.15
3553,Susanne Dalgarnowch,Female,Data Coordiator,15626.13,4845.24
3554,Maxwell Sacks,Male,Assistant Manager,13706.54,3956.83
3555,Sally Stag,Male,Quality Engineer,7655.82,6385.05
3556,Porty Foukx,Female,Legal Assistant,13086.63,12768.08
3557,Adriane Vlies,Female,Dental Hygienist,18860.69,13187.4
3558,Lief Orrice,Female,Database Administrator II,16076.89,9209.81
3559,Solly Laimable,Female,Recruiting Manager,2590.02,10591.03
3560,Bobbie Ferrie,Female,Social Worker,12265.88,3095.19
3561,Dollie Jerwood,Female,Unemployed,474.4,12809.79
3562,Travis Sketch,Female,Unemployed,8647.95,3341.82
3563,Arley Burree,Male,Unemployed,15635.29,14172.77
3564,Joachim Kermannes,Male,Unemployed,12292.54,12827.86
3565,Travis Seviour,Male,Nuclear Power Engineer,13587.43,36.15
3566,Gerti Spurdon,Female,Associate Professor,7449.66,4255.31
3567,Drona Vlasov,Male,Unemployed,4517.37,13022.95
3568,Donall Joule,Female,Analyst Programmer,228.44,5699.75
3569,Viviana MacNamee,Male,Safety Technician II,16193.02,9204.14
3570,Cheri Patroni,Male,Design Engineer,2822.03,11161.28
3571,Phyllis McLanachan,Female,Unemployed,9260.66,13424.1
3572,Tremayne Del Monte,Male,Unemployed,17921.13,13475.1
3573,Shell Stedman,Male,Research Assistant IV,4849.58,368.92
3574,Griswold Tumbridge,Female,Director of Sales,10051.54,3846.21
3575,Conan Floch,Female,Quality Engineer,19733.19,2835.6
3576,Leupold Robertucci,Male,Unemployed,17319.26,2679.42
3577,Andrew Ricard,Female,Unemployed,13071.97,2476.4
3578,Eddi Pointin,Male,Programmer I,5000.76,3192.61
3579,Betsy Paulley,Male,Unemployed,18559.57,8418.41
3580,Lamont MacInnes,Male,Associate Professor,5589.01,10823.67
3581,Ogdon Quincee,Male,Professor,10434.32,13021.18
3582,Delmor Fishley,Female,Design Engineer,19537.84,3568.3
3583,Mickey Wynn,Female,VP Accounting,7599.58,4810.08
3584,Nerti O'Dowling,Female,Unemployed,18140.55,8573.87
3585,Benetta Boni,Male,Computer Systems Analyst I,10898.71,13191.02
3586,Giraldo Skottle,Female,Help Desk Technician,3865.73,13347.81
3587,Kippie Swallwell,Male,Technical Writer,10711.29,10962.01
3588,Erena Polycote,Male,Unemployed,14331.32,14255.03
3589,Spencer Kattenhorn,Female,Senior Developer,1442.37,12660.11
3590,Joelly Cicchetto,Female,Actuary,8487.32,6456.0
3591,Tobe Letten,Female,Administrative Officer,18799.75,8355.53
3592,Mariska Kingsnoad,Female,Geological Engineer,2593.33,4908.05
3593,Rivkah Scathard,Male,Research Associate,10657.01,12980.72
3594,Isabeau D'eathe,Male,Human Resources Manager,2908.09,2438.74
3595,Ewart Jeandot,Female,Help Desk Operator,14381.3,4683.18
3596,Buiron Plumbridge,Female,Analog Circuit Design manager,7283.55,6345.41
3597,Forrester Sieur,Female,General Manager,1134.39,6896.92
3598,Carolynn Grinham,Female,Unemployed,17558.32,12685.38
3599,Michelle Voas,Male,Assistant Manager,6946.34,3095.19
3600,Bobine Morrow,Female,Technical Writer,18093.32,4965.7
3601,Vivianne Alders,Female,Nurse,4914.9,1383.82
3602,Florinda Westfield,Female,Community Outreach Specialist,18901.52,12792.64
3603,De Jahner,Male,Analog Circuit Design manager,4519.16,2807.03
3604,Freeman Blackaller,Male,VP Accounting,1276.59,11003.54
3605,Alf Pawnsford,Female,Unemployed,3234.46,7907.19
3606,Sara Wearden,Female,Recruiting Manager,2780.98,5501.92
3607,Regen Fitzpayn,Female,General Manager,8819.8,4574.8
3608,Cristina Duding,Female,Media Manager I,17802.15,5332.16
3609,Kori Treby,Male,VP Accounting,8998.13,13785.68
3610,Daffy Heitz,Male,Account Coordinator,18374.82,6287.77
3611,Ertha Latan,Male,Programmer Analyst I,14832.31,9880.85
3612,Bryon Whittock,Female,Teacher,12063.92,6898.63
3613,Elbertina Thaxter,Female,Business Systems Development Analyst,6188.56,2638.18
3614,Sydelle Looby,Male,Structural Analysis Engineer,16446.31,7109.82
3615,Carolee Cuerdale,Female,Unemployed,7696.88,12752.36
3616,Jemmie Foottit,Female,GIS Technical Architect,6478.29,915.86
3617,Kim Crowth,Female,Professor,19384.94,11496.86
3618,Vinnie Raccio,Female,VP Accounting,15042.45,3910.85
3619,Audrye Spier,Female,Chemical Engineer,19865.59,11308.13
3620,Cassie Hovey,Female,Account Executive,13429.11,12480.0
3621,Zelda Lanmeid,Female,Senior Editor,1794.29,3124.55
3622,Sissy Melbourn,Female,Analog Circuit Design manager,10372.11,8458.76
3623,Osborn Gatley,Male,Unemployed,9266.63,8467.5
3624,Erminie Ethersey,Female,Research Nurse,14616.49,6019.32
3625,Glen Gladtbach,Male,Civil Engineer,13068.86,3754.32
3626,Eartha Witherington,Male,Help Desk Technician,5527.4,6230.39
3627,Janetta Mirralls,Female,Unemployed,12223.38,11287.42
3628,Pryce Keggin,Female,Programmer II,1158.54,5206.64
3629,Valaree McFadden,Female,Unemployed,3085.89,8957.21
3630,Solomon Hessenthaler,Female,Information Systems Manager,18219.96,7897.31
3631,Sophi Abethell,Male,Unemployed,13443.66,6936.27
3632,Eran Barrie,Female,Unemployed,9644.72,12788.29
3633,Ursula Eyrl,Male,Unemployed,10653.38,2855.9
3634,Reid Chandler,Male,Senior Cost Accountant,10741.74,10121.73
3635,Archambault Sach,Male,Unemployed,13390.05,10741.02
3636,Lorette Emilien,Male,Engineer II,1135.97,1820.31
3637,Guglielma Brunesco,Male,Analyst Programmer,8243.18,1346.76
3638,Estrella Macvey,Female,Marketing Manager,194.97,1759.53
3639,Garnet Ellit,Female,Account Representative I,16874.05,2675.18
3640,Kamila O'Neal,Male,Technical Writer,10119.59,7084.4
3641,Nobe Markel,Female,Environmental Tech,11299.06,745.49
3642,Demetrius Stollberg,Male,Geologist IV,15116.35,638.84
3643,Othelia Tarbett,Male,VP Product Management,9753.52,7889.85
3644,Redford MacDuffie,Male,Unemployed,19824.63,13495.98
3645,Waldon Louiset,Female,Unemployed,14579.9,967.54
3646,Tremain Shemelt,Male,Paralegal,6928.92,8470.32
3647,Penny Cristofanini,Female,Community Outreach Specialist,3397.4,4043.95
3648,Virginie Trundle,Female,Assistant Professor,9353.26,8823.08
3649,Astrid Wellsman,Female,VP Sales,15042.11,280.4
3650,Cecil Findlay,Female,Unemployed,10961.27,7265.73
3651,Elonore Armes,Female,Unemployed,3881.25,10607.24
3652,Dillie O'Dowgaine,Male,Web Designer I,8601.68,7829.19
3653,Merv Blumsom,Male,Staff Accountant IV,7438.35,3858.8
3654,Bennie Domingues,Male,Analyst Programmer,11686.45,7256.99
3655,Derick Smallthwaite,Female,Software Engineer IV,18350.26,7892.85
3656,Corene Macellar,Male,Unemployed,13681.09,685.26
3657,Carol-jean Thyng,Female,VP Accounting,5537.06,12240.94
3658,Dillon Bruineman,Female,Research Assistant II,4807.67,11272.01
3659,Mallory Popham,Female,Paralegal,5094.56,8616.45
3660,Wyatan Holdey,Female,Chemical Engineer,18757.26,5984.2
3661,Winnah Hucknall,Male,Librarian,8458.25,953.88
3662,Washington Presnell,Female,Unemployed,810.7,14212.74
3663,Joane Tieman,Male,Help Desk Technician,16153.86,11339.4
3664,Gavra Emmins,Female,VP Quality Control,10647.3,3330.48
3665,Kiley Thonason,Male,Cost Accountant,3100.72,8270.99
3666,Ronna Spurdens,Male,Unemployed,5702.96,13359.03
3667,Andie Roos,Male,Librarian,5290.67,5313.35
3668,Wake Skeels,Female,Recruiting Manager,9938.58,11613.02
3669,Cyrill Nisot,Male,Account Coordinator,15527.33,13764.61
3670,Cicely Falck,Female,Internal Auditor,18154.48,6643.05
3671,Gwenneth Knifton,Female,Clinical Specialist,15574.52,10219.46
3672,Astra Matthai,Male,Computer Systems Analyst IV,16682.35,7252.81
3673,Chauncey Kluge,Female,GIS Technical Architect,14876.67,1088.44
3674,Rafa Jaquin,Female,Assistant Media Planner,5761.42,8105.16
3675,Minnaminnie Upjohn,Male,Community Outreach Specialist,13570.07,3582.67
3676,Danila Conyer,Female,Research Assistant I,5174.08,1031.84
3677,Blinni Winckle,Male,VP Quality Control,19695.69,10353.17
3678,Mela Branton,Male,Data Coordiator,13539.99,6966.98
3679,Gilbertina Witheford,Female,Staff Scientist,3873.57,14097.31
3680,Jayson Francie,Male,Technical Writer,7449.19,14576.99
3681,Ernesto Cluckie,Male,Unemployed,3582.28,8931.44
3682,Calida Roon,Female,Administrative Assistant I,2139.7,13176.1
3683,Mariellen Naisbitt,Male,Unemployed,2963.38,1415.8
3684,Niall Amps,Female,Geologist IV,16442.52,14059.42
3685,Amberly Lathe,Female,Actuary,10667.52,2036.99
3686,Doroteya Montrose,Female,Business Systems Development Analyst,462.19,6041.28
3687,Kerwinn Hallifax,Female,Mechanical Systems Engineer,1896.0,4291.68
3688,Ainslie Gairdner,Female,Help Desk Operator,3542.36,14902.6
3689,Edeline Synan,Female,Programmer Analyst I,920.02,9420.42
3690,Meaghan Lots,Female,Unemployed,17120.48,5784.28
3691,Piper Cheves,Male,Paralegal,6390.22,12695.81
3692,Stevena Lamden,Female,Teacher,19304.17,2910.13
3693,William Troubridge,Female,Nurse Practicioner,18190.31,4796.63
3694,Uriah Mintram,Male,Staff Accountant II,3632.25,4940.62
3695,Karney Aronsohn,Female,Account Representative II,15446.36,11292.13
3696,Devonne Carvilla,Male,Nurse,10508.99,8447.74
3697,Ginger Alliban,Female,Accounting Assistant IV,4357.78,13973.4
3698,Kass Phidgin,Female,Unemployed,2233.86,5617.89
3699,Tamiko Saing,Male,Professor,17610.13,7003.94
3700,Charmian Vasenin,Female,Accounting Assistant I,11600.16,13613.23
3701,Asa Maginn,Female,Research Associate,13800.48,12527.31
3702,Doyle Krystof,Male,Staff Accountant III,9144.66,4836.15
3703,Marcelline Seary,Male,Geologist I,7805.14,10179.56
3704,Annabal Martonfi,Male,Administrative Officer,3953.94,13432.28
3705,Constancia McNuff,Female,Unemployed,8967.51,2135.58
3706,Mattie Offer,Male,Mechanical Systems Engineer,11549.46,10910.23
3707,Basilius Almeida,Female,Chemical Engineer,17069.21,7576.52
3708,Carry Maffioni,Female,VP Product Management,6641.55,6740.72
3709,Melissa Pietruszka,Male,Administrative Assistant IV,17987.18,782.56
3710,Mercedes Lauridsen,Female,Staff Accountant II,3933.22,8224.41
3711,Blake Wigelsworth,Male,Biostatistician II,9034.98,1160.58
3712,Eolanda Stolberg,Male,Unemployed,18209.51,3913.17
3713,Asher Deverock,Male,Programmer IV,11478.62,13218.08
3714,Zelda MacVay,Female,Graphic Designer,4247.61,3181.22
3715,Emlynn Troak,Female,Teacher,1673.29,1059.6
3716,Magdalen Alyokhin,Female,VP Accounting,3768.98,11161.78
3717,Farlay Skull,Female,Structural Analysis Engineer,3211.28,1165.4
3718,Shae Testo,Male,VP Product Management,10101.49,8095.71
3719,Orsa Blezard,Female,Software Test Engineer IV,2882.98,1679.93
3720,Worthington Cully,Male,Director of Sales,13128.3,8365.07
3721,Wilone Atchly,Female,Unemployed,6738.08,3802.15
3722,Levin Avent,Female,Research Nurse,17831.07,3724.45
3723,Hollyanne Keld,Male,Senior Cost Accountant,15867.55,13335.32
3724,Blakelee Vasler,Female,Account Representative IV,8410.82,613.92
3725,Erna Zielinski,Female,Structural Engineer,2134.19,11061.66
3726,Halsy O'Crowley,Male,Account Coordinator,7816.07,5435.53
3727,Stacee Canfield,Female,Junior Executive,18712.02,11223.35
3728,Sibylla Kemish,Female,Senior Sales Associate,2917.12,7269.23
3729,Maury Tellenbrook,Female,Senior Financial Analyst,13104.15,5803.56
3730,Jacky Smitton,Male,Environmental Tech,16371.91,6232.65
3731,Carley Geibel,Male,Help Desk Operator,2071.23,12147.6
3732,Margalo Lewsley,Female,Database Administrator I,2763.02,5138.06
3733,Burt Barukh,Female,Data Coordiator,5932.11,8880.32
3734,Isobel Whitmore,Male,Unemployed,17716.42,14577.26
3735,Flo Redman,Male,Pharmacist,11590.88,6674.96
3736,Umberto Offen,Male,Financial Analyst,7689.74,803.67
3737,Gabie Romei,Male,Nuclear Power Engineer,13995.33,1021.53
3738,Rebeca Dunlop,Male,Office Assistant II,12835.62,4820.78
3739,Clare Ivanchin,Female,Nuclear Power Engineer,3012.87,2669.52
3740,Danya Hatliffe,Female,Software Consultant,8848.04,1390.01
3741,Maggi Ewdale,Male,Unemployed,18727.3,6060.56
3742,Allyn Titterrell,Male,Unemployed,14521.61,4669.6
3743,Quintus Keiling,Female,Unemployed,12676.12,12859.52
3744,Jory Hindshaw,Female,Senior Sales Associate,6454.14,6199.29
3745,Bibbye Marien,Male,Geologist III,6108.82,1542.68
3746,Urson Wetherick,Female,Pharmacist,7599.53,8274.38
3747,Trixy Connelly,Female,Unemployed,18662.46,860.15
3748,Merwyn Smitton,Female,Account Representative III,9866.01,6904.46
3749,Alic Kiera,Female,Unemployed,18631.04,13055.04
3750,Jens Tome,Female,Unemployed,17707.28,8761.57
3751,Lotte Leworthy,Female,Biostatistician I,13856.22,11124.11
3752,Hatty Schorah,Male,Research Assistant IV,16302.61,8991.95
3753,Cleavland Gillham,Female,Unemployed,4815.37,9442.0
3754,Curran McCard,Male,Unemployed,12028.95,1703.95
3755,Joanie Mercik,Female,Account Executive,14614.02,13531.15
3756,Jone Daouse,Female,Unemployed,2127.67,10489.98
3757,Page Haggett,Female,Sales Associate,12039.92,7116.09
3758,Madelene Trundell,Male,Unemployed,17846.01,8833.39
3759,Katalin Puve,Male,Statistician II,4476.28,12245.08
3760,Hector Barwood,Female,Software Engineer II,6867.44,5307.53
3761,Clarette Tucsell,Female,Software Consultant,18516.31,8970.52
3762,Chucho Bastable,Female,Help Desk Operator,18747.21,1601.15
3763,Julienne Stangroom,Male,Community Outreach Specialist,2509.78,7394.98
3764,Ame Jerger,Male,Unemployed,15362.5,10327.26
3765,Stewart Peckett,Male,Environmental Tech,7287.79,11347.67
3766,Minny Longhirst,Male,Computer Systems Analyst II,15592.41,14914.7
3767,Katlin Vink,Male,Executive Secretary,5675.39,9877.05
3768,Kelbee Merioth,Male,Unemployed,1348.18,2358.38
3769,Bayard Bordessa,Male,Unemployed,7803.34,1582.92
3770,Amil Killingworth,Male,Marketing Assistant,15933.9,12790.6
3771,Shela Pigram,Female,Senior Sales Associate,455.95,3866.13
3772,Clarisse Goucher,Male,Web Designer I,100.86,5535.61
3773,Adey Floris,Female,Budget/Accounting Analyst II,11947.17,9725.52
3774,Colene Sate,Female,Office Assistant II,8237.56,1600.01
3775,Bill Instock,Female,Nuclear Power Engineer,10241.78,14225.0
3776,Cindi Bwye,Male,Research Assistant II,12955.87,9203.15
3777,Gillie Nellis,Female,Associate Professor,13291.35,14601.27
3778,Holly-anne Cella,Male,Assistant Professor,125.32,11313.29
3779,Dietrich Handasyde,Male,Unemployed,5949.34,2499.52
3780,Melvin Tees,Male,Payment Adjustment Coordinator,19822.81,12918.78
3781,Ossie Saur,Male,Senior Financial Analyst,4617.62,4746.78
3782,Gabi Aysh,Female,Budget/Accounting Analyst IV,2843.18,3018.74
3783,Fair Bellany,Male,Editor,6522.07,7682.12
3784,Annetta Mackleden,Male,VP Product Management,14917.68,5071.38
3785,Hubey Tippett,Male,Unemployed,7703.32,1290.62
3786,Finlay Northey,Female,Media Manager I,4301.33,2256.7
3787,Kenton Battle,Male,Social Worker,1490.2,419.43
3788,Jeanette Smallcombe,Male,Geological Engineer,4244.58,13909.36
3789,Helsa Blaiklock,Male,General Manager,17845.4,9757.26
3790,Merrili Ksandra,Female,Unemployed,2401.09,3131.69
3791,Agustin Sains,Male,Cost Accountant,12252.1,12341.35
3792,Jenny Egdale,Female,Unemployed,13160.17,5937.22
3793,Bernadina Torricella,Male,Unemployed,8650.77,5221.3
3794,Westbrook Foxon,Male,Professor,12351.05,1652.81
3795,Roseanna Lucia,Female,VP Quality Control,10900.3,4429.81
3796,Danit Leathard,Male,Software Consultant,16907.18,2127.19
3797,Dedie McNickle,Female,Help Desk Operator,4855.55,4144.52
3798,Jobi Flanaghan,Female,Electrical Engineer,8326.83,7193.17
3799,Abbott Lemonby,Female,Unemployed,9749.13,838.35
3800,Stanfield Kettley,Female,Safety Technician III,6289.68,7102.34
3801,Krispin Bolitho,Female,Information Systems Manager,14515.54,419.85
3802,Doris Malins,Female,Paralegal,17542.27,4691.96
3803,Katya Coveley,Female,Help Desk Technician,12526.2,3390.87
3804,Ginger Winton,Male,Unemployed,6393.65,7701.55
3805,Kippy Niven,Female,Research Nurse,9495.29,12077.35
3806,Marylou Manna,Female,Assistant Manager,5881.61,2594.64
3807,Pavla Lyle,Female,Civil Engineer,18585.77,106.95
3808,Maddy De Filippo,Male,Unemployed,9955.32,10936.49
3809,Gisele Gregon,Female,Speech Pathologist,13599.83,5714.03
3810,Kaila Duckinfield,Male,Assistant Manager,137.54,786.43
3811,Harley Hantusch,Male,Senior Financial Analyst,15314.32,4980.14
3812,Alidia Saker,Female,Dental Hygienist,3998.87,13368.28
3813,Goran Whebell,Female,Environmental Tech,13513.54,8482.77
3814,Juliane Rummings,Female,Cost Accountant,1883.56,10791.17
3815,Isacco Gallally,Female,Unemployed,5277.76,7785.33
3816,Cale Volker,Female,Assistant Media Planner,15601.24,483.47
3817,Talya Balls,Male,Chemical Engineer,3590.25,13044.28
3818,Francene Arias,Male,Senior Editor,10667.23,12846.22
3819,Anthe Litherborough,Male,Software Test Engineer I,18765.96,4343.78
3820,Ilene Elam,Female,Automation Specialist IV,10232.91,52.54
3821,Babara Kleinlerer,Female,Unemployed,2548.93,13830.94
3822,Grenville Trolley,Male,Editor,6027.88,3422.8
3823,Jenica Mitchel,Female,Software Test Engineer IV,19656.93,10786.98
3824,Rogerio Bussetti,Male,Systems Administrator III,3378.12,6190.02
3825,Lucian Geram,Male,Desktop Support Technician,4857.09,10964.56
3826,Gerry Impy,Male,Nurse Practicioner,6884.73,3357.06
3827,Reeta Caston,Male,Account Coordinator,17670.07,5310.51
3828,Ansel Abbiss,Male,Unemployed,8498.41,2253.62
3829,Geoffrey Tebbut,Female,Chemical Engineer,6723.41,9358.22
3830,Fenelia Douberday,Female,Unemployed,2258.26,9826.12
3831,Melinde O' Quirk,Male,Unemployed,19494.83,1627.8
3832,Robinson Zorro,Male,Tax Accountant,8534.06,1296.85
3833,Mikey Treppas,Male,Senior Financial Analyst,9335.25,7466.22
3834,Dael Fidell,Female,Compensation Analyst,2756.18,11232.16
3835,Deonne Rixon,Female,Office Assistant II,7921.46,3076.05
3836,Janek Kier,Female,Automation Specialist I,9080.57,1583.23
3837,Emery D'Enrico,Female,Environmental Specialist,11617.54,3975.27
3838,Dalila Knappen,Female,Unemployed,18396.37,13338.76
3839,Yorker Pridding,Male,Unemployed,14854.0,10364.27
3840,Skipton Lade,Female,Junior Executive,2908.43,5424.94
3841,Rozella Lovejoy,Male,Financial Analyst,7263.05,8778.8
3842,Baxie Silvester,Male,Marketing Assistant,11000.61,1709.67
3843,Zorine Lewzey,Female,Software Engineer III,15776.75,450.57
3844,Myron Kilbane,Male,Project Manager,5963.52,4392.92
3845,Sherwin Mosdell,Female,Librarian,9096.17,2573.75
3846,Jesus Hamblyn,Female,VP Product Management,1178.01,4905.54
3847,Lanae Brownbridge,Male,Account Representative IV,10503.81,9159.46
3848,Yuma Conneely,Female,Social Worker,18536.82,12854.57
3849,Selig Elliston,Male,Sales Associate,3554.13,8430.62
3850,Dorothee Coffelt,Female,Accounting Assistant III,15814.36,1066.33
3851,Alfred McGurk,Male,Database Administrator II,16838.29,9850.69
3852,Rosalia Lingwood,Male,Unemployed,9143.46,10280.03
3853,Dominique Rothert,Male,Analyst Programmer,6214.45,11353.72
3854,Briggs Matterface,Male,Registered Nurse,8552.02,6586.01
3855,Hamnet Ianetti,Male,VP Marketing,10243.37,9997.51
3856,Riki Reiners,Female,Unemployed,13139.02,14508.13
3857,Gerrard Northover,Female,Unemployed,19464.74,14732.68
3858,Jozef Bourbon,Male,Unemployed,12426.93,9946.15
3859,Marv Pabst,Male,Developer I,2788.38,10649.66
3860,Talbot De Giovanni,Female,Occupational Therapist,18992.42,12143.68
3861,Madlin Depport,Female,Actuary,9283.51,4315.42
3862,Codi Sumner,Female,Desktop Support Technician,5443.65,5116.94
3863,Monica Lax,Female,Graphic Designer,3977.33,11416.53
3864,Urbanus Freyn,Female,Product Engineer,16579.43,13669.48
3865,Gilburt Clavering,Female,Clinical Specialist,15977.93,6491.25
3866,Fran Bispham,Female,Staff Scientist,11809.35,10673.57
3867,Melantha Toop,Male,Administrative Assistant II,19234.04,2067.8
3868,Malanie Meneer,Male,Computer Systems Analyst IV,2918.51,304.18
3869,Clayborn Powder,Female,Marketing Manager,16316.0,4695.86
3870,Giacinta Flanders,Male,Unemployed,2300.01,334.06
3871,Kaye Sherringham,Female,Unemployed,1859.95,2726.53
3872,Lambert Pawlaczyk,Female,Environmental Specialist,18047.44,548.17
3873,Etienne Yegorov,Female,Web Developer IV,15554.51,10137.84
3874,Matty Tilney,Female,Community Outreach Specialist,13299.07,12500.34
3875,Henrietta Raggles,Male,Community Outreach Specialist,12485.85,7304.24
3876,Alphard Phette,Male,Account Coordinator,10882.14,1152.64
3877,Arlena Bayley,Female,Clinical Specialist,1525.39,6477.21
3878,Lewes Kitto,Male,Automation Specialist I,15384.32,2738.52
3879,Aubert Lynes,Male,Financial Advisor,4703.02,11466.18
3880,Dell McTeggart,Male,Research Nurse,3177.28,14165.98
3881,Clarabelle Loggie,Male,Unemployed,12835.07,9407.4
3882,Ches Pischof,Male,Graphic Designer,1622.33,1418.96
3883,Shurlock Westmancoat,Male,Occupational Therapist,13160.97,6707.96
3884,Hewitt Whiten,Male,Teacher,14822.83,3049.55
3885,Giraud Saker,Female,Editor,12020.9,7535.46
3886,Madalyn Bullocke,Female,Office Assistant I,14666.34,12563.99
3887,Darrin Mooney,Male,Unemployed,12026.57,10446.46
3888,Sheila-kathryn Arkwright,Male,VP Product Management,1253.11,3584.2
3889,Sibyl Rivelin,Male,Administrative Assistant II,10176.8,2579.49
3890,Westley Ethridge,Female,Unemployed,3772.79,7732.28
3891,Margaux Combes,Female,Account Representative III,11163.37,2431.13
3892,Andi Reightley,Female,Business Systems Development Analyst,5929.82,2911.18
3893,Kaylil Sleit,Male,Research Nurse,12843.9,6012.31
3894,Salomon Kisting,Female,Health Coach II,10805.22,14757.87
3895,Fawnia Brockway,Female,Speech Pathologist,7863.81,12151.63
3896,Gavin Duval,Female,Unemployed,18403.15,6520.37
3897,Lauree Coverly,Female,Marketing Manager,1814.05,5394.54
3898,Cissy Mackieson,Female,Staff Accountant IV,17593.99,11935.35
3899,Gabrila Hallums,Male,Biostatistician II,17561.11,2116.28
3900,Meir Stubbin,Male,Automation Specialist I,4456.58,7743.21
3901,Myrta Smaleman,Male,Staff Accountant IV,12895.91,1147.72
3902,Tracie Streader,Male,Chief Design Engineer,4542.87,13768.42
3903,Karlene Duddy,Female,VP Quality Control,4300.88,13593.98
3904,Eddie Latliff,Male,Payment Adjustment Coordinator,18085.82,3170.44
3905,Filip Maciejewski,Female,Unemployed,10860.45,6386.61
3906,Quinta Janauschek,Female,Payment Adjustment Coordinator,206.84,5439.29
3907,Mendy Varfolomeev,Female,Paralegal,19889.6,8963.53
3908,Sean Sisselot,Female,Unemployed,13153.84,6027.03
3909,Trix Goodhall,Female,Senior Financial Analyst,5286.3,4568.13
3910,Fern Kimberly,Female,Unemployed,13255.51,2399.04
3911,Will Latan,Female,Unemployed,10083.51,7804.7
3912,Eldon Whitland,Female,Social Worker,3714.09,7960.42
3913,Mark Pietraszek,Male,Analog Circuit Design manager,9223.02,13515.82
3914,Grissel Sparhawk,Female,Unemployed,15903.01,1780.33
3915,Earlie Maron,Male,Unemployed,6352.42,10550.65
3916,Natal Cornill,Female,Unemployed,18783.8,1202.49
3917,Erin Raccio,Female,Assistant Manager,14904.91,8191.94
3918,Delbert MacCartan,Male,Clinical Specialist,13378.54,4164.77
3919,Mathew Brash,Female,Sales Representative,1072.8,146.46
3920,Maddie Humberstone,Female,Recruiting Manager,12924.24,6899.24
3921,Gonzales Click,Female,Nurse Practicioner,17115.55,11826.62
3922,Reginauld Doudny,Male,Unemployed,19039.68,1329.5
3923,Adaline Antonov,Male,Quality Control Specialist,10096.18,9709.75
3924,Kurt Hake,Female,Health Coach IV,1380.06,13155.08
3925,Carie Celez,Male,Database Administrator I,14932.37,12191.86
3926,Hildagarde Whetland,Female,Senior Cost Accountant,15119.61,4999.87
3927,Jandy Neave,Male,Nuclear Power Engineer,10556.16,13433.61
3928,Christalle Drayn,Female,Technical Writer,13056.73,5993.53
3929,Elie Millery,Male,Registered Nurse,8890.95,5996.43
3930,Leelah Tibb,Male,Professor,7586.13,8312.06
3931,Sherill Dives,Female,Civil Engineer,11901.63,10062.69
3932,Maura Huffa,Female,Speech Pathologist,12210.19,6098.98
3933,Gerri Gotling,Female,Staff Accountant IV,9415.22,10236.82
3934,Harmonia Claw,Male,Senior Editor,1129.67,8281.28
3935,Charlie Osgardby,Female,Design Engineer,19794.6,2413.74
3936,Amara Bethell,Female,GIS Technical Architect,11485.07,9187.36
3937,Paddie Headech,Male,Dental Hygienist,1826.8,1683.05
3938,Inigo Dufty,Male,Unemployed,699.82,7199.08
3939,Sigvard Bartalucci,Female,Nuclear Power Engineer,9038.0,932.1
3940,Alta Whaymand,Female,Unemployed,18658.04,14932.35
3941,Robbyn Eastlake,Female,Programmer Analyst II,1395.98,9462.48
3942,Chrysa Yakuntsov,Male,Human Resources Manager,8012.07,4917.06
3943,Ursola Rubee,Female,Unemployed,9854.5,4316.71
3944,Eveline Benfell,Male,Graphic Designer,12426.26,2655.9
3945,Valeda Robbert,Male,Executive Secretary,756.91,14226.4
3946,Wolfie Petigrew,Male,Cost Accountant,17122.91,2520.94
3947,Bart Lembke,Male,Internal Auditor,12188.39,3174.97
3948,Millard Jessel,Male,Product Engineer,4319.73,7597.31
3949,Madonna Beet,Male,Analyst Programmer,811.11,2209.26
3950,Sidoney Drew-Clifton,Male,Unemployed,11765.94,10578.59
3951,Frederic Ambrosi,Female,Analyst Programmer,288.29,7274.9
3952,Adi Gambrell,Female,Unemployed,18484.97,13205.78
3953,Adriano Kinze,Male,Marketing Manager,8519.2,14939.79
3954,Malvina Kendal,Male,Research Nurse,16420.0,814.14
3955,Garv Caps,Male,Operator,745.22,12393.92
3956,York Sikora,Male,Unemployed,5053.97,2878.0
3957,Amabel Reame,Female,Accountant I,12856.1,11677.91
3958,Thom Twinborne,Male,Senior Quality Engineer,15965.24,9230.96
3959,Vikky Pursehouse,Female,Structural Analysis Engineer,10457.69,14104.44
3960,Janaye Alstead,Male,Unemployed,19032.55,3345.39
3961,Chrissie Torel,Male,Systems Administrator I,7760.87,13249.61
3962,Mason Dunsmore,Female,VP Product Management,19531.38,6065.98
3963,Ilario Hellin,Female,Software Engineer III,6259.26,12133.68
3964,Robin Attride,Male,Senior Editor,15746.6,6119.84
3965,Bartholomeus Kadwallider,Female,Marketing Manager,2270.59,13246.27
3966,Stephanie Brevetor,Female,Account Executive,16043.43,11346.65
3967,Yoshi Swynley,Male,Unemployed,1632.07,5105.3
3968,Lula Bertomieu,Female,Media Manager III,12624.86,5747.5
3969,Millard Bangham,Female,Junior Executive,11876.8,11674.34
3970,Luigi O' Cloney,Male,Financial Advisor,12164.61,1111.71
3971,Pail Abramamov,Female,Unemployed,15127.43,4156.77
3972,Kiah Kunneke,Male,Unemployed,6683.54,13948.88
3973,Nelle Geri,Male,Unemployed,15420.99,14126.79
3974,Dulcie Durban,Male,Unemployed,12111.76,11803.3
3975,Andonis Gulliver,Male,Software Engineer I,5913.29,13573.91
3976,Verina Waterfall,Female,Web Developer I,16176.81,12732.6
3977,Nikita Paulo,Female,Software Consultant,11559.24,838.67
3978,Karlee Marielle,Female,Unemployed,16387.22,3173.55
3979,Quintus Element,Female,Unemployed,9867.09,5462.54
3980,Codie Kivell,Male,Unemployed,15056.86,4579.96
3981,Crin Richin,Male,Health Coach III,13989.37,9280.11
3982,Jilli Ivashov,Male,Unemployed,19898.9,6638.06
3983,Petey Fildery,Male,Administrative Officer,17877.71,13925.04
3984,Mychal Duinbleton,Male,Teacher,7252.2,2022.74
3985,Jen Brownlea,Female,Unemployed,1330.41,471.78
3986,Shell Alpine,Male,Account Coordinator,15170.91,8826.08
3987,Nestor Levens,Female,Dental Hygienist,17570.12,1181.02
3988,Archibaldo Bernaldez,Male,Senior Quality Engineer,2696.31,5566.74
3989,Cissiee Mobbs,Male,VP Marketing,7060.25,8286.15
3990,Myrilla Vaisey,Male,Human Resources Assistant III,4571.88,5435.53
3991,Aeriela Fairburne,Female,Office Assistant III,9225.44,1408.59
3992,Fedora Forster,Female,Operator,15456.16,14990.03
3993,Willey Phelit,Male,VP Product Management,3155.95,13190.32
3994,Enrichetta Camies,Male,Business Systems Development Analyst,7155.97,7074.45
3995,Buckie Custy,Male,Product Engineer,11386.26,3453.9
3996,Cammy Sybry,Female,Unemployed,276.3,4411.81
3997,Barbaraanne Gravener,Male,Unemployed,5041.18,5814.73
3998,Kipp Ratcliffe,Female,Clinical Specialist,7166.15,7035.51
3999,Jody Dumpleton,Female,Cost Accountant,14327.12,7931.62
4000,Salvador Loney,Female,Senior Financial Analyst,14551.28,9240.08
4001,Judi Senter,Female,VP Product Management,297.11,14735.8
4002,Edna Semken,Female,Budget/Accounting Analyst IV,17941.25,5319.96
4003,Zorina Hoff,Male,Unemployed,13985.26,6271.71
4004,Reed Geekie,Female,Research Associate,14370.12,10466.85
4005,Roanne Toft,Male,Geologist IV,4467.86,5916.55
4006,Giovanna Scroggs,Female,Librarian,10437.27,5064.66
4007,Devin Boundley,Female,Data Coordiator,989.99,5772.69
4008,Phillipp Gowdridge,Female,Web Designer I,18664.49,13523.58
4009,Beatrice Vaggs,Male,Unemployed,9417.93,10842.27
4010,Xylia Crawforth,Male,Librarian,14927.64,268.94
4011,Hedwig Lassetter,Male,Unemployed,10606.29,6838.42
4012,Eloise Boshier,Male,Unemployed,12455.98,3938.57
4013,Valentine Smorfit,Male,Web Developer III,2960.64,6649.0
4014,Iseabal Elphinstone,Male,Unemployed,13090.11,4319.69
4015,Georgina Wilsee,Male,Unemployed,8943.04,2646.84
4016,Tadio Bolgar,Male,Analog Circuit Design manager,8127.08,4194.78
4017,Juanita Crossan,Female,Associate Professor,9117.35,4055.23
4018,Christiane Frift,Female,Physical Therapy Assistant,18067.66,1986.43
4019,Zak Aimer,Female,Senior Developer,387.95,13093.67
4020,Petey Meecher,Male,Database Administrator III,14132.63,6228.41
4021,Madelena Mourbey,Female,Geologist II,15342.19,1328.85
4022,Ware Kegley,Male,Unemployed,6289.62,14817.15
4023,Rozalin Riglesford,Male,General Manager,7269.65,13798.54
4024,Jordan Franklin,Female,Systems Administrator I,12043.13,9662.62
4025,Leelah Cauderlie,Male,Account Representative IV,8414.46,1842.35
4026,Tyrus Liggens,Male,Unemployed,11019.53,2915.01
4027,Rebekkah Kollaschek,Female,Geological Engineer,3139.18,7371.24
4028,Luella Tudbald,Male,Senior Developer,6252.68,5725.59
4029,Palmer Picton,Female,Accounting Assistant II,14079.08,1290.28
4030,Nora Englefield,Male,Senior Cost Accountant,17848.4,11300.31
4031,Katharina Goodey,Female,Unemployed,2497.35,1691.38
4032,Lexine Eingerfield,Female,Unemployed,2572.24,14300.68
4033,Gertrud Roche,Female,Staff Accountant IV,16209.62,10096.17
4034,Gillie Hartlebury,Female,Compensation Analyst,11889.63,12565.03
4035,Christan Oxenford,Female,Structural Analysis Engineer,11352.75,6519.14
4036,Erda Dargavel,Female,Unemployed,8157.32,12125.27
4037,Roger Sherlaw,Female,Help Desk Technician,4333.59,6784.95
4038,Maxi Steedman,Female,Graphic Designer,3705.46,2791.39
4039,Anne-marie Bispham,Female,Unemployed,11453.87,2632.63
4040,Haroun Costi,Female,Compensation Analyst,4690.53,4416.06
4041,Tina Laddle,Male,Sales Representative,4438.86,1354.04
4042,Cazzie Doberer,Female,Actuary,5067.04,11391.92
4043,Shermie Dewhurst,Male,Human Resources Manager,17425.33,6782.19
4044,Isa Licquorish,Female,Senior Cost Accountant,14214.95,11118.21
4045,Bird MacKinnon,Female,Geologist III,7063.77,11212.42
4046,Parke Hackworth,Male,Speech Pathologist,9770.72,9635.37
4047,Ebeneser Manis,Male,Unemployed,16020.18,14728.31
4048,Rosalie Goldsby,Female,VP Product Management,18881.84,7662.97
4049,Berkie Snodin,Female,Unemployed,6754.46,13684.9
4050,Dory Kaser,Male,Software Engineer II,13405.43,10680.0
4051,Munmro Tantum,Female,Legal Assistant,6005.48,9010.94
4052,Katleen Sousa,Male,Unemployed,18004.75,12179.41
4053,Jack Djurdjevic,Male,Safety Technician I,16145.21,9833.05
4054,Chere Imm,Male,Librarian,13277.0,3367.39
4055,Frazer Odhams,Female,Senior Cost Accountant,4867.1,8468.52
4056,Berti Vears,Male,Unemployed,6070.59,11277.06
4057,Chester Rodbourne,Female,Biostatistician IV,1518.8,7587.08
4058,Denys Snelling,Male,Graphic Designer,12820.06,10079.58
4059,Torre Martinets,Female,Unemployed,6006.35,2414.12
4060,Sherye Jerzykiewicz,Female,Senior Developer,11010.04,7824.19
4061,Linnell Goford,Male,Community Outreach Specialist,17784.36,12833.13
4062,Beulah Ormrod,Male,Unemployed,2866.33,1348.09
4063,Erasmus Burwin,Male,Structural Analysis Engineer,9677.46,10165.97
4064,Danita Dispencer,Female,Unemployed,1814.29,2269.69
4065,Izak Lothean,Female,Human Resources Manager,12675.65,4314.92
4066,Munroe Clixby,Male,Unemployed,7067.12,976.24
4067,Bronny Leap,Female,Assistant Media Planner,4806.9,13319.64
4068,Maurene Bowmer,Female,Recruiting Manager,5532.67,5034.04
4069,Travis Robinson,Male,Paralegal,8963.67,8615.59
4070,Stephanus McIlmorow,Male,Registered Nurse,1987.75,11229.36
4071,Mattias Burdett,Male,Unemployed,16413.84,5140.37
4072,Emmey Strutley,Male,Unemployed,9264.0,5756.3
4073,Janos Beringer,Female,Senior Sales Associate,17925.8,10022.93
4074,Brandi Linscott,Male,Data Coordiator,8141.78,9495.68
4075,Kathie Gosenell,Female,Unemployed,8453.51,11619.1
4076,Ned Krimmer,Female,Unemployed,9482.24,11137.88
4077,Hana Picopp,Male,Business Systems Development Analyst,10539.27,10247.51
4078,Isa Shakspeare,Female,Unemployed,17300.57,5400.13
4079,Emmanuel Elsbury,Female,Unemployed,1205.69,9936.04
4080,Justina Bresson,Female,Internal Auditor,10896.86,12306.34
4081,Wright Ripley,Female,Sales Associate,15750.38,0.28
4082,Rea Joanaud,Female,Staff Accountant II,14948.38,12559.75
4083,Jobey Gregor,Male,Operator,13112.01,1957.0
4084,Stillman Laweles,Male,VP Product Management,15040.24,1147.37
4085,Gannie Battram,Female,Human Resources Manager,6723.93,13353.5
4086,April Losty,Female,Unemployed,13299.27,504.46
4087,Frederick Poundesford,Male,Office Assistant II,16017.41,483.17
4088,Maury Laingmaid,Female,Physical Therapy Assistant,1862.87,10822.77
4089,Ysabel Rosenfrucht,Female,Assistant Media Planner,16265.45,6278.33
4090,Land Rubinovitsch,Male,Registered Nurse,19981.68,1195.72
4091,Desiri Basil,Female,Statistician I,10764.07,1226.33
4092,Lorne Kasher,Female,Senior Editor,3128.11,6377.42
4093,Humphrey Yexley,Female,VP Product Management,12004.28,8696.71
4094,Leroy Noore,Male,Unemployed,14550.42,7717.9
4095,Tim Padbery,Female,Human Resources Manager,13255.64,5414.65
4096,Angelo Askham,Male,Unemployed,9919.76,849.44
4097,Alec Shercliff,Male,Unemployed,10445.25,6508.67
4098,Nikolaos Kleimt,Male,Community Outreach Specialist,1793.68,13854.32
4099,Jarrid Rentalll,Female,Chief Design Engineer,7210.08,189.88
4100,Lanae Southern,Female,Unemployed,3843.22,7642.19
4101,Marci Noni,Female,Internal Auditor,13899.12,6918.52
4102,Kissiah Tweed,Male,Food Chemist,19075.72,9815.83
4103,Filippo Melross,Female,Unemployed,1815.79,853.57
4104,Ulla Clowsley,Male,Unemployed,17303.3,3692.79
4105,Huntley McFadyen,Male,Nurse,169.87,12470.91
4106,Phelia Hassey,Female,Geological Engineer,9051.52,7446.25
4107,Danny Le Monnier,Male,GIS Technical Architect,2796.23,14784.37
4108,Sioux Johanning,Female,Safety Technician II,10797.22,4487.84
4109,Kienan Hortop,Female,Human Resources Assistant I,14517.32,2421.86
4110,Tibold La Croce,Female,Engineer IV,3967.78,5399.52
4111,Marti Plaschke,Male,Recruiting Manager,13859.78,14069.32
4112,Neall Serchwell,Female,Payment Adjustment Coordinator,11026.13,12152.84
4113,Saudra Goggan,Male,Pharmacist,12612.03,4702.72
4114,Glynis Vant,Male,Marketing Assistant,6333.77,11665.91
4115,Julianna Gossipin,Female,Speech Pathologist,5080.39,9590.01
4116,Diarmid Wigglesworth,Male,Assistant Professor,3942.3,10046.02
4117,Bea Pelerin,Female,Unemployed,15454.46,7314.28
4118,Fran Skym,Female,Social Worker,5992.95,4567.81
4119,Panchito Nesbeth,Male,Registered Nurse,14943.71,7177.27
4120,Irene Seiffert,Male,Office Assistant III,3682.74,2305.02
4121,Erskine Menzies,Female,Data Coordiator,4789.68,7184.56
4122,Scarlet Renny,Male,Unemployed,6808.89,967.02
4123,Corena Castellan,Male,Research Assistant IV,2786.73,8177.59
4124,Bobina de Keyser,Female,Staff Scientist,13413.21,3555.75
4125,Dunc Lober,Female,Account Executive,10205.14,12991.06
4126,Juieta Doog,Female,Nurse,19639.72,13844.75
4127,Dallas Lodewick,Female,Human Resources Manager,8038.45,930.52
4128,Adham Yitzhok,Female,Nuclear Power Engineer,15256.19,6321.62
4129,Florida Ryott,Male,Unemployed,13036.29,5801.09
4130,Noah Durrant,Female,Unemployed,17902.04,1015.12
4131,Duke Gates,Male,Project Manager,1262.86,7539.71
4132,Alan Bosence,Male,Actuary,18745.12,891.03
4133,Orson Muck,Female,Biostatistician II,5599.3,5845.07
4134,Julianna Tayler,Female,Unemployed,5655.42,13355.23
4135,Miller Heare,Male,Software Consultant,19869.64,5401.95
4136,Lazar Jack,Female,Programmer Analyst II,4557.56,5351.8
4137,Sibylle Larratt,Male,Internal Auditor,14350.98,13238.13
4138,Serene Hadwin,Male,VP Product Management,19350.12,8261.43
4139,Gwenni Flude,Male,Web Developer I,2380.1,14200.65
4140,Nerty Wannop,Male,Systems Administrator IV,11338.03,8328.7
4141,Emma Rothchild,Female,Unemployed,11026.46,2288.83
4142,Bobby Wetherhead,Female,Unemployed,5299.43,2068.44
4143,Isis Devonside,Female,Web Designer II,7296.14,7858.72
4144,Wes Slowly,Female,Environmental Tech,786.06,5015.87
4145,Nessie Dellenbrok,Female,Web Developer III,3371.84,6729.27
4146,Theadora Van Leeuwen,Male,Recruiter,13379.86,11671.59
4147,Russ Keyme,Female,Electrical Engineer,13770.3,12656.6
4148,Nerte Sammars,Male,Social Worker,3148.37,7729.01
4149,Astrix Dyter,Female,Accounting Assistant I,2594.48,2433.38
4150,Auberon Coldrick,Male,Chemical Engineer,2854.47,2528.94
4151,Hyacinthia Houltham,Male,Unemployed,5682.52,1258.87
4152,Claudius Starking,Male,Professor,8465.63,7543.67
4153,Trever Eddisford,Male,Human Resources Manager,7328.97,9802.21
4154,Bethany Readmire,Male,Unemployed,13434.88,11053.99
4155,Eada Eacott,Female,Unemployed,13940.99,191.02
4156,Howie Boulton,Male,Civil Engineer,12071.39,2585.67
4157,Bess Skacel,Male,Unemployed,10199.56,10550.37
4158,Cole Yegorshin,Male,Account Representative III,13966.95,14805.46
4159,Gar Ineson,Female,Unemployed,9620.29,2281.07
4160,Baldwin Messham,Female,Social Worker,17756.61,13078.5
4161,Saleem Wakeley,Female,Marketing Manager,14822.06,14971.95
4162,Elvina Beetles,Male,Assistant Manager,3011.54,8401.41
4163,Wes Nendick,Female,Librarian,18976.12,7559.07
4164,Minnaminnie Tortoise,Female,Desktop Support Technician,14301.78,3346.0
4165,Nappie Wicklin,Male,Research Assistant IV,17438.21,8870.15
4166,Devlin Bradie,Female,VP Accounting,2493.69,11523.15
4167,Tate Tees,Female,Chemical Engineer,19484.92,12651.17
4168,Heath Wetton,Male,Unemployed,8405.62,4983.86
4169,Nikkie Trengove,Male,Desktop Support Technician,8281.1,6973.54
4170,Rabbi Helliar,Female,Civil Engineer,10160.62,5341.13
4171,Gussy Purvess,Male,VP Accounting,8637.87,14307.23
4172,Zed Sire,Female,Software Engineer III,4090.91,6183.56
4173,Bay Picton,Female,Assistant Manager,16899.9,2601.19
4174,Oberon Bixley,Male,Sales Associate,18097.05,13172.31
4175,Eal Bocke,Male,Quality Engineer,4340.97,10211.6
4176,Alia Duthie,Female,Database Administrator I,8028.69,8192.7
4177,Zenia Goldin,Female,Unemployed,18736.5,4357.22
4178,Elysee McNess,Male,Unemployed,8519.44,2423.43
4179,Pepi Cromack,Female,Unemployed,3198.42,5671.96
4180,Sigismundo Decker,Female,VP Accounting,6603.34,3935.27
4181,Jerrine Mifflin,Male,Unemployed,10677.52,1941.76
4182,Cash Kidde,Male,Design Engineer,2539.4,10157.32
4183,Daveta Bradie,Female,Information Systems Manager,7884.11,7023.67
4184,Ellene Vsanelli,Male,Statistician IV,16729.34,12713.36
4185,Minnie Morey,Female,Pharmacist,8262.64,3989.87
4186,Jamie Esmonde,Female,Unemployed,17286.76,14517.91
4187,Anette Oglethorpe,Male,Sales Representative,18835.09,3034.08
4188,Alaster Defond,Female,Software Test Engineer II,15966.68,5979.33
4189,Coraline Kennea,Male,Clinical Specialist,12889.96,9504.93
4190,Roselle Bartosinski,Male,Developer IV,19848.01,7891.52
4191,Francisca Lelliott,Male,Unemployed,14833.19,7176.22
4192,Idalina Mattsson,Female,Unemployed,14310.43,5231.27
4193,Thalia Smiz,Female,Chief Design Engineer,4458.06,1638.96
4194,Maurita Rochewell,Female,Chief Design Engineer,3677.18,3420.89
4195,Cate Willcock,Female,Professor,14385.75,5847.3
4196,Hobard Chesterton,Female,Unemployed,4273.65,8565.24
4197,Mervin Manketell,Female,Unemployed,16613.77,5823.41
4198,Ivar Gotecliffe,Male,Staff Scientist,19575.04,8590.37
4199,Gamaliel Uren,Female,Executive Secretary,6544.04,5595.98
4200,Delmar Martugin,Male,Senior Financial Analyst,18554.93,4136.98
4201,Esma Arens,Female,Unemployed,16037.18,4128.3
4202,Jinny Balharry,Female,Structural Analysis Engineer,17060.67,9618.61
4203,Nert Bone,Female,Unemployed,14992.03,11542.49
4204,Rik Balderstone,Female,Executive Secretary,10951.53,12480.5
4205,Deedee Focke,Female,Research Assistant I,6015.53,12382.52
4206,Chiquia Winter,Female,Recruiting Manager,14208.37,1789.07
4207,Desi Marnes,Male,Budget/Accounting Analyst III,11228.22,9165.31
4208,Zorah Jolly,Male,Health Coach II,4024.91,8092.59
4209,Yelena Bould,Male,Software Consultant,10070.19,4389.25
4210,Roanne Sussems,Male,Unemployed,5824.98,3222.96
4211,Elysia Ribeiro,Female,Geological Engineer,17375.17,7567.51
4212,Muffin Purkins,Female,Financial Advisor,9812.37,3459.29
4213,Bertine Brookesbie,Male,Actuary,4070.17,9220.35
4214,Christan Battaille,Male,Compensation Analyst,19509.89,5802.35
4215,Kit Hoonahan,Male,VP Accounting,14184.27,5083.71
4216,Fredek Somersett,Male,Budget/Accounting Analyst II,1954.99,2043.7
4217,Batsheva Jikylls,Male,Staff Scientist,16244.34,6247.82
4218,Ag Teece,Male,Senior Sales Associate,19125.11,5961.22
4219,Kelby Rising,Female,Data Coordiator,3034.33,12516.12
4220,Noble Hancell,Male,Registered Nurse,9120.78,12801.96
4221,Waldon Seignior,Female,Unemployed,19342.82,10561.0
4222,Wallie Pecey,Female,Unemployed,6268.62,10518.62
4223,Dian Kleewein,Female,Senior Cost Accountant,16148.09,2060.98
4224,Kile Messham,Female,Chemical Engineer,2146.55,1539.97
4225,Clarette D'Adamo,Male,Human Resources Assistant II,2563.84,4083.35
4226,Murry Sprules,Male,General Manager,7953.01,8184.67
4227,Catriona Wabersinke,Female,Unemployed,18404.89,12569.44
4228,Aigneis Rayson,Female,General Manager,2087.48,1221.01
4229,Charline Dorning,Female,Financial Analyst,17296.2,10085.71
4230,Rora Loughlan,Male,Tax Accountant,10889.8,3283.83
4231,Lesya Decourt,Female,General Manager,14084.29,14647.56
4232,Marcos Emburey,Female,Unemployed,9927.71,10325.68
4233,Bastien Shapero,Female,Registered Nurse,9845.95,1656.45
4234,Tremain Vaines,Female,Unemployed,7116.95,2894.18
4235,Brennan Jindracek,Female,Internal Auditor,5004.41,8510.68
4236,Giordano Dowdney,Female,Automation Specialist I,2431.65,887.02
4237,Ursala Addams,Female,Unemployed,774.43,5645.78
4238,Morgen Iredell,Male,Analog Circuit Design manager,6560.44,3316.95
4239,Delaney O'Kane,Male,Financial Advisor,14938.31,4137.54
4240,Mariejeanne Verden,Male,VP Quality Control,3798.79,3618.38
4241,Samson O'Dogherty,Male,Desktop Support Technician,3896.91,13617.69
4242,Neille Basire,Male,Unemployed,12974.27,13169.01
4243,Adriano Radage,Male,Editor,3629.1,5441.61
4244,Lydon Khrishtafovich,Male,Payment Adjustment Coordinator,12193.0,11776.3
4245,Thia Sebborn,Male,VP Product Management,15734.87,4755.42
4246,Leonie Ashplant,Female,Environmental Specialist,13322.36,1252.83
4247,Dorris Shay,Female,Account Executive,6243.67,2406.57
4248,Reinhard Pentelo,Male,Sales Representative,15406.23,1752.57
4249,Kimmi Mitchener,Female,Unemployed,7165.8,3882.45
4250,Jo ann Bushill,Female,Unemployed,17145.79,2611.79
4251,Camila Finby,Male,Unemployed,15502.79,6194.78
4252,Ranna Sargent,Male,Help Desk Technician,13407.47,2257.07
4253,Tootsie Azemar,Female,Unemployed,12508.26,13301.06
4254,Sheila Morley,Male,Unemployed,5234.01,7293.94
4255,Paulo Chipps,Female,VP Marketing,9654.56,3417.52
4256,Constancy Gleadle,Female,Product Engineer,15853.52,1565.16
4257,Griffin Scamadin,Female,Senior Editor,11264.82,3094.13
4258,Nat Raithby,Male,Unemployed,10504.48,14941.96
4259,Aurthur Sugden,Male,Staff Accountant IV,10676.45,8739.04
4260,Sargent Dunston,Male,Administrative Officer,16182.44,13593.75
4261,Waylen Edy,Female,Unemployed,9243.23,8665.89
4262,Ainslee Flewett,Male,Editor,13239.05,1479.79
4263,Erina Kasper,Male,Staff Accountant III,1298.48,13279.16
4264,Luigi Luno,Male,Junior Executive,13434.37,6942.72
4265,Rosamond Napton,Male,Statistician I,11238.73,3243.8
4266,Meara Cohalan,Female,Technical Writer,16143.13,12305.95
4267,Rivkah Rosbrough,Male,Social Worker,3964.62,11368.99
4268,Lydia Copins,Female,Actuary,14562.33,691.73
4269,Polly Ivashkin,Female,Human Resources Manager,2057.3,4159.84
4270,Chanda di Rocca,Male,Unemployed,7240.43,6267.18
4271,Kyla Danovich,Female,Data Coordiator,9744.88,12307.38
4272,Caresa Hairyes,Female,Software Consultant,16831.62,10777.84
4273,Tibold Samart,Male,Unemployed,13211.62,12464.99
4274,Elvira Bowkley,Male,Geological Engineer,19116.47,2367.16
4275,Taite Fareweather,Male,Unemployed,11134.96,13365.14
4276,Casar Slocomb,Female,Unemployed,1117.02,8620.9
4277,Oates Goggen,Female,VP Quality Control,8044.46,872.99
4278,Fayre Vizor,Male,Assistant Professor,6649.22,13927.77
4279,Lee Sharer,Male,Software Engineer IV,15213.08,12770.82
4280,Vally MacSharry,Female,Electrical Engineer,13093.33,452.55
4281,Shaughn Ghidotti,Female,Quality Control Specialist,16031.52,7224.21
4282,Minda Redholls,Male,Junior Executive,2798.85,1789.69
4283,Cathee McClaughlin,Male,Unemployed,2292.37,5703.87
4284,Jenica Crozier,Male,Unemployed,16830.31,10605.28
4285,Heath Moxham,Male,Safety Technician I,16381.88,1796.58
4286,Flossi Brehault,Male,Unemployed,10437.89,5680.46
4287,Leighton Gheerhaert,Female,Unemployed,15842.49,7008.68
4288,Fara Shrieve,Male,Programmer Analyst III,2623.79,5828.99
4289,Pepi Slessar,Female,Computer Systems Analyst I,9696.52,8928.71
4290,Hubey Campagne,Female,Staff Scientist,13736.5,6581.02
4291,Genni Rudgerd,Female,VP Quality Control,8204.67,8651.91
4292,Rafael Karpets,Male,Unemployed,3315.42,2325.27
4293,Melany Vatini,Male,Safety Technician I,13657.1,14733.62
4294,Tarrah Derr,Male,Human Resources Manager,19407.71,8438.94
4295,Theda McIlvaney,Female,Desktop Support Technician,19405.38,13267.43
4296,Sinclair Coulman,Male,Desktop Support Technician,8789.93,7185.13
4297,Mathilda Goldsworthy,Male,Chief Design Engineer,13945.43,2705.41
4298,Zared Glanfield,Male,Accounting Assistant I,16916.8,1481.91
